<?xml version="1.0" encoding="UTF-8"?>
<GenRun Id="synth_1" LaunchPart="xc7a100tcsg324-1" LaunchTime="1755222723">
  <File Type="PA-TCL" Name="fsm_top.tcl"/>
  <File Type="RDS-PROPCONSTRS" Name="fsm_top_drc_synth.rpt"/>
  <File Type="REPORTS-TCL" Name="fsm_top_reports.tcl"/>
  <File Type="RDS-RDS" Name="fsm_top.vds"/>
  <File Type="RDS-UTIL" Name="fsm_top_utilization_synth.rpt"/>
  <File Type="RDS-UTIL-PB" Name="fsm_top_utilization_synth.pb"/>
  <File Type="RDS-DCP" Name="fsm_top.dcp"/>
  <File Type="VDS-TIMINGSUMMARY" Name="fsm_top_timing_summary_synth.rpt"/>
  <File Type="VDS-TIMING-PB" Name="fsm_top_timing_summary_synth.pb"/>
  <FileSet Name="sources" Type="DesignSrcs" RelSrcDir="$PSRCDIR/sources_1">
    <Filter Type="Srcs"/>
    <File Path="$PSRCDIR/sources_1/new/cntr.v">
      <FileInfo>
        <Attr Name="ImportPath" Val="$PPRDIR/../../../../Downloads/fsm final project/fsm final project.srcs/sources_1/new/cntr.v"/>
        <Attr Name="ImportTime" Val="1743709057"/>
        <Attr Name="UsedIn" Val="synthesis"/>
        <Attr Name="UsedIn" Val="implementation"/>
        <Attr Name="UsedIn" Val="simulation"/>
      </FileInfo>
    </File>
    <File Path="$PSRCDIR/sources_1/new/disp_hex_mux.v">
      <FileInfo>
        <Attr Name="ImportPath" Val="$PPRDIR/../../../../Downloads/fsm final project/fsm final project.srcs/sources_1/new/disp_hex_mux.v"/>
        <Attr Name="ImportTime" Val="1743708907"/>
        <Attr Name="UsedIn" Val="synthesis"/>
        <Attr Name="UsedIn" Val="implementation"/>
        <Attr Name="UsedIn" Val="simulation"/>
      </FileInfo>
    </File>
    <File Path="$PSRCDIR/sources_1/new/fsm.v">
      <FileInfo>
        <Attr Name="ImportPath" Val="$PPRDIR/../../../../../FSM/FSM.srcs/sources_1/new/fsm.v"/>
        <Attr Name="ImportTime" Val="1743474186"/>
        <Attr Name="UsedIn" Val="synthesis"/>
        <Attr Name="UsedIn" Val="implementation"/>
        <Attr Name="UsedIn" Val="simulation"/>
      </FileInfo>
    </File>
    <File Path="$PSRCDIR/sources_1/new/fsm_top.v">
      <FileInfo>
        <Attr Name="ImportPath" Val="$PPRDIR/../../../../Downloads/fsm2/fsm2.srcs/sources_1/new/fsm_top.v"/>
        <Attr Name="ImportTime" Val="1743543618"/>
        <Attr Name="UsedIn" Val="synthesis"/>
        <Attr Name="UsedIn" Val="implementation"/>
        <Attr Name="UsedIn" Val="simulation"/>
      </FileInfo>
    </File>
    <Config>
      <Option Name="DesignMode" Val="RTL"/>
      <Option Name="TopModule" Val="fsm_top"/>
      <Option Name="TopAutoSet" Val="TRUE"/>
    </Config>
  </FileSet>
  <FileSet Name="constrs_in" Type="Constrs" RelSrcDir="$PSRCDIR/constrs_1">
    <Filter Type="Constrs"/>
    <File Path="$PSRCDIR/constrs_1/new/const.xdc">
      <FileInfo>
        <Attr Name="ImportPath" Val="$PPRDIR/../../../../Downloads/fsm project/fsm project.srcs/constrs_1/new/const.xdc"/>
        <Attr Name="ImportTime" Val="1743546189"/>
        <Attr Name="UsedIn" Val="synthesis"/>
        <Attr Name="UsedIn" Val="implementation"/>
      </FileInfo>
    </File>
    <Config>
      <Option Name="ConstrsType" Val="XDC"/>
    </Config>
  </FileSet>
  <Strategy Version="1" Minor="2">
    <StratHandle Name="Vivado Synthesis Defaults" Flow="Vivado Synthesis 2017"/>
    <Step Id="synth_design"/>
  </Strategy>
</GenRun>
