<?xml version="1.0" encoding="UTF-8"?>
<GenRun Id="impl_1" LaunchPart="xc7a100tcsg324-1" LaunchTime="1755222723">
  <File Type="PWROPT-DCP" Name="fsm_top_pwropt.dcp"/>
  <File Type="ROUTE-PWR" Name="fsm_top_power_routed.rpt"/>
  <File Type="PA-TCL" Name="fsm_top.tcl"/>
  <File Type="ROUTE-PWR-SUM" Name="fsm_top_power_summary_routed.pb"/>
  <File Type="REPORTS-TCL" Name="fsm_top_reports.tcl"/>
  <File Type="BG-DRC" Name="fsm_top.drc"/>
  <File Type="OPT-METHODOLOGY-DRC" Name="fsm_top_methodology_drc_opted.rpt"/>
  <File Type="INIT-TIMING" Name="fsm_top_timing_summary_init.rpt"/>
  <File Type="OPT-HWDEF" Name="fsm_top.hwdef"/>
  <File Type="OPT-DCP" Name="fsm_top_opt.dcp"/>
  <File Type="OPT-DRC" Name="fsm_top_drc_opted.rpt"/>
  <File Type="OPT-TIMING" Name="fsm_top_timing_summary_opted.rpt"/>
  <File Type="PWROPT-DRC" Name="fsm_top_drc_pwropted.rpt"/>
  <File Type="PWROPT-TIMING" Name="fsm_top_timing_summary_pwropted.rpt"/>
  <File Type="PLACE-DCP" Name="fsm_top_placed.dcp"/>
  <File Type="PLACE-IO" Name="fsm_top_io_placed.rpt"/>
  <File Type="PLACE-CLK" Name="fsm_top_clock_utilization_placed.rpt"/>
  <File Type="PLACE-UTIL" Name="fsm_top_utilization_placed.rpt"/>
  <File Type="PLACE-UTIL-PB" Name="fsm_top_utilization_placed.pb"/>
  <File Type="PLACE-CTRL" Name="fsm_top_control_sets_placed.rpt"/>
  <File Type="PLACE-SIMILARITY" Name="fsm_top_incremental_reuse_placed.rpt"/>
  <File Type="PLACE-PRE-SIMILARITY" Name="fsm_top_incremental_reuse_pre_placed.rpt"/>
  <File Type="PLACE-TIMING" Name="fsm_top_timing_summary_placed.rpt"/>
  <File Type="POSTPLACE-PWROPT-DCP" Name="fsm_top_postplace_pwropt.dcp"/>
  <File Type="POSTPLACE-PWROPT-TIMING" Name="fsm_top_timing_summary_postplace_pwropted.rpt"/>
  <File Type="PHYSOPT-DCP" Name="fsm_top_physopt.dcp"/>
  <File Type="PHYSOPT-DRC" Name="fsm_top_drc_physopted.rpt"/>
  <File Type="BG-BIT" Name="fsm_top.bit"/>
  <File Type="PHYSOPT-TIMING" Name="fsm_top_timing_summary_physopted.rpt"/>
  <File Type="ROUTE-ERROR-DCP" Name="fsm_top_routed_error.dcp"/>
  <File Type="ROUTE-DCP" Name="fsm_top_routed.dcp"/>
  <File Type="ROUTE-BLACKBOX-DCP" Name="fsm_top_routed_bb.dcp"/>
  <File Type="ROUTE-DRC" Name="fsm_top_drc_routed.rpt"/>
  <File Type="ROUTE-DRC-PB" Name="fsm_top_drc_routed.pb"/>
  <File Type="BITSTR-MSK" Name="fsm_top.msk"/>
  <File Type="ROUTE-DRC-RPX" Name="fsm_top_drc_routed.rpx"/>
  <File Type="BG-BGN" Name="fsm_top.bgn"/>
  <File Type="ROUTE-METHODOLOGY-DRC" Name="fsm_top_methodology_drc_routed.rpt"/>
  <File Type="BITSTR-RBT" Name="fsm_top.rbt"/>
  <File Type="ROUTE-METHODOLOGY-DRC-RPX" Name="fsm_top_methodology_drc_routed.rpx"/>
  <File Type="BG-BIN" Name="fsm_top.bin"/>
  <File Type="ROUTE-METHODOLOGY-DRC-PB" Name="fsm_top_methodology_drc_routed.pb"/>
  <File Type="ROUTE-PWR-RPX" Name="fsm_top_power_routed.rpx"/>
  <File Type="ROUTE-STATUS" Name="fsm_top_route_status.rpt"/>
  <File Type="ROUTE-STATUS-PB" Name="fsm_top_route_status.pb"/>
  <File Type="ROUTE-TIMINGSUMMARY" Name="fsm_top_timing_summary_routed.rpt"/>
  <File Type="ROUTE-TIMING-PB" Name="fsm_top_timing_summary_routed.pb"/>
  <File Type="ROUTE-TIMING-RPX" Name="fsm_top_timing_summary_routed.rpx"/>
  <File Type="ROUTE-SIMILARITY" Name="fsm_top_incremental_reuse_routed.rpt"/>
  <File Type="RDI-RDI" Name="fsm_top.vdi"/>
  <File Type="ROUTE-CLK" Name="fsm_top_clock_utilization_routed.rpt"/>
  <File Type="POSTROUTE-PHYSOPT-DCP" Name="fsm_top_postroute_physopt.dcp"/>
  <File Type="POSTROUTE-PHYSOPT-BLACKBOX-DCP" Name="fsm_top_postroute_physopt_bb.dcp"/>
  <File Type="POSTROUTE-PHYSOPT-TIMING" Name="fsm_top_timing_summary_postroute_physopted.rpt"/>
  <File Type="POSTROUTE-PHYSOPT-TIMING-PB" Name="fsm_top_timing_summary_postroute_physopted.pb"/>
  <File Type="POSTROUTE-PHYSOPT-TIMING-RPX" Name="fsm_top_timing_summary_postroute_physopted.rpx"/>
  <File Type="BITSTR-NKY" Name="fsm_top.nky"/>
  <File Type="BITSTR-BMM" Name="fsm_top_bd.bmm"/>
  <File Type="BITSTR-MMI" Name="fsm_top.mmi"/>
  <File Type="BITSTR-LTX" Name="debug_nets.ltx"/>
  <File Type="BITSTR-LTX" Name="fsm_top.ltx"/>
  <File Type="BITSTR-SYSDEF" Name="fsm_top.sysdef"/>
  <File Type="WBT-USG" Name="usage_statistics_webtalk.html"/>
  <FileSet Name="sources" Type="DesignSrcs" RelSrcDir="$PSRCDIR/sources_1">
    <Filter Type="Srcs"/>
    <File Path="$PSRCDIR/sources_1/new/cntr.v">
      <FileInfo>
        <Attr Name="ImportPath" Val="$PPRDIR/../../../../Downloads/fsm final project/fsm final project.srcs/sources_1/new/cntr.v"/>
        <Attr Name="ImportTime" Val="1743709057"/>
        <Attr Name="UsedIn" Val="synthesis"/>
        <Attr Name="UsedIn" Val="implementation"/>
        <Attr Name="UsedIn" Val="simulation"/>
      </FileInfo>
    </File>
    <File Path="$PSRCDIR/sources_1/new/disp_hex_mux.v">
      <FileInfo>
        <Attr Name="ImportPath" Val="$PPRDIR/../../../../Downloads/fsm final project/fsm final project.srcs/sources_1/new/disp_hex_mux.v"/>
        <Attr Name="ImportTime" Val="1743708907"/>
        <Attr Name="UsedIn" Val="synthesis"/>
        <Attr Name="UsedIn" Val="implementation"/>
        <Attr Name="UsedIn" Val="simulation"/>
      </FileInfo>
    </File>
    <File Path="$PSRCDIR/sources_1/new/fsm.v">
      <FileInfo>
        <Attr Name="ImportPath" Val="$PPRDIR/../../../../../FSM/FSM.srcs/sources_1/new/fsm.v"/>
        <Attr Name="ImportTime" Val="1743474186"/>
        <Attr Name="UsedIn" Val="synthesis"/>
        <Attr Name="UsedIn" Val="implementation"/>
        <Attr Name="UsedIn" Val="simulation"/>
      </FileInfo>
    </File>
    <File Path="$PSRCDIR/sources_1/new/fsm_top.v">
      <FileInfo>
        <Attr Name="ImportPath" Val="$PPRDIR/../../../../Downloads/fsm2/fsm2.srcs/sources_1/new/fsm_top.v"/>
        <Attr Name="ImportTime" Val="1743543618"/>
        <Attr Name="UsedIn" Val="synthesis"/>
        <Attr Name="UsedIn" Val="implementation"/>
        <Attr Name="UsedIn" Val="simulation"/>
      </FileInfo>
    </File>
    <Config>
      <Option Name="DesignMode" Val="RTL"/>
      <Option Name="TopModule" Val="fsm_top"/>
      <Option Name="TopAutoSet" Val="TRUE"/>
    </Config>
  </FileSet>
  <FileSet Name="constrs_in" Type="Constrs" RelSrcDir="$PSRCDIR/constrs_1">
    <Filter Type="Constrs"/>
    <File Path="$PSRCDIR/constrs_1/new/const.xdc">
      <FileInfo>
        <Attr Name="ImportPath" Val="$PPRDIR/../../../../Downloads/fsm project/fsm project.srcs/constrs_1/new/const.xdc"/>
        <Attr Name="ImportTime" Val="1743546189"/>
        <Attr Name="UsedIn" Val="synthesis"/>
        <Attr Name="UsedIn" Val="implementation"/>
      </FileInfo>
    </File>
    <Config>
      <Option Name="ConstrsType" Val="XDC"/>
    </Config>
  </FileSet>
  <Strategy Version="1" Minor="2">
    <StratHandle Name="Vivado Implementation Defaults" Flow="Vivado Implementation 2017"/>
    <Step Id="init_design"/>
    <Step Id="opt_design"/>
    <Step Id="power_opt_design"/>
    <Step Id="place_design"/>
    <Step Id="post_place_power_opt_design"/>
    <Step Id="phys_opt_design"/>
    <Step Id="route_design"/>
    <Step Id="post_route_phys_opt_design"/>
    <Step Id="write_bitstream"/>
  </Strategy>
</GenRun>
